USE RESTAURANTE;


INSERT INTO PESSOA (PESS_NM_NOME, PESS_NU_CPF)
VALUES ('AGNALDO', '12345678912');
INSERT INTO PESSOA (PESS_NM_NOME, PESS_NU_CPF)
VALUES ('LUCAS', '12345678913');
INSERT INTO PESSOA (PESS_NM_NOME, PESS_NU_CPF)
VALUES ('IGOR', '12345678914');
INSERT INTO PESSOA (PESS_NM_NOME, PESS_NU_CPF)
VALUES ('CAYO', '12345678915');
INSERT INTO PESSOA (PESS_NM_NOME, PESS_NU_CPF)
VALUES ('JULIANA', '12345678916');
INSERT INTO PESSOA (PESS_NM_NOME, PESS_NU_CPF)
VALUES ('NAYRA', '12345678917');

INSERT INTO CLIENTE (PESS_ID_PESSOA)
VALUES ((SELECT PESS_ID_PESSOA FROM PESSOA WHERE PESS_NU_CPF='12345678912' ));
INSERT INTO CLIENTE (PESS_ID_PESSOA)
VALUES ((SELECT PESS_ID_PESSOA FROM PESSOA WHERE PESS_NU_CPF='12345678913' ));
INSERT INTO CLIENTE (PESS_ID_PESSOA)
VALUES ((SELECT PESS_ID_PESSOA FROM PESSOA WHERE PESS_NU_CPF='12345678914' ));

INSERT INTO CARGO (CARG_NM_NOME)
VALUES ('GARCOM');
INSERT INTO CARGO (CARG_NM_NOME)
VALUES ('GERENTE');
INSERT INTO CARGO (CARG_NM_NOME)
VALUES ('COZINHEIRA');
INSERT INTO CARGO (CARG_NM_NOME)
VALUES ('CAIXA');
INSERT INTO CARGO (CARG_NM_NOME)
VALUES ('FAXINEIRA');




INSERT INTO FUNCIONARIO (PESS_ID_PESSOA)
VALUES ((SELECT PESS_ID_PESSOA FROM PESSOA WHERE PESS_NU_CPF='12345678915' ) );
INSERT INTO FUNCIONARIO (PESS_ID_PESSOA)
VALUES ((SELECT PESS_ID_PESSOA FROM PESSOA WHERE PESS_NU_CPF='12345678916' ));
INSERT INTO FUNCIONARIO (PESS_ID_PESSOA)
VALUES ((SELECT PESS_ID_PESSOA FROM PESSOA WHERE PESS_NU_CPF='12345678917' ));





INSERT INTO ENDERECO (ENDE_TX_LOGRADOURO, PESS_ID_PESSOA)
VALUES ('BAIRRO A, N-1, ITU, SP', (SELECT PESS_ID_PESSOA FROM PESSOA WHERE PESS_NU_CPF='12345678912' ));
INSERT INTO ENDERECO (ENDE_TX_LOGRADOURO, PESS_ID_PESSOA)
VALUES ('BAIRRO B, N-2, TAUBATE, SP', (SELECT PESS_ID_PESSOA FROM PESSOA WHERE PESS_NU_CPF='12345678913' ));
INSERT INTO ENDERECO (ENDE_TX_LOGRADOURO, PESS_ID_PESSOA)
VALUES ('BAIRRO C, N-3, IDAIATUBA, SP', (SELECT PESS_ID_PESSOA FROM PESSOA WHERE PESS_NU_CPF='12345678914' ));





INSERT INTO TELEFONE (TELE_NU_TELEFONE, PESS_ID_PESSOA)
VALUES ('2899912312', (SELECT PESS_ID_PESSOA FROM PESSOA WHERE PESS_NU_CPF='12345678912' ));
INSERT INTO TELEFONE (TELE_NU_TELEFONE, PESS_ID_PESSOA)
VALUES ('2899912313', (SELECT PESS_ID_PESSOA FROM PESSOA WHERE PESS_NU_CPF='12345678913' ));
INSERT INTO TELEFONE (TELE_NU_TELEFONE, PESS_ID_PESSOA)
VALUES ('2899912314', (SELECT PESS_ID_PESSOA FROM PESSOA WHERE PESS_NU_CPF='12345678914' ));



INSERT INTO FUNCIONARIO_CARGO (FUCA_DT_DATA,PESS_ID_PESSOA,CARG_ID_CARGO)
VALUES ('2017-09-12',(SELECT F.PESS_ID_PESSOA 
FROM FUNCIONARIO AS F INNER JOIN PESSOA AS P 
ON F.PESS_ID_PESSOA = P.PESS_ID_PESSOA
 WHERE PESS_NU_CPF='12345678917' ),
 (SELECT CARG_ID_CARGO FROM CARGO WHERE CARG_NM_NOME = 'CAIXA')),
 ('2019-02-04',(SELECT F.PESS_ID_PESSOA 
FROM FUNCIONARIO AS F INNER JOIN PESSOA AS P 
ON F.PESS_ID_PESSOA = P.PESS_ID_PESSOA
 WHERE PESS_NU_CPF='12345678917' ),
 (SELECT CARG_ID_CARGO FROM CARGO WHERE CARG_NM_NOME = 'GERENTE')),
 ('2017-09-12',(SELECT F.PESS_ID_PESSOA 
FROM FUNCIONARIO AS F INNER JOIN PESSOA AS P 
ON F.PESS_ID_PESSOA = P.PESS_ID_PESSOA
 WHERE PESS_NU_CPF='12345678915' ),
 (SELECT CARG_ID_CARGO FROM CARGO WHERE CARG_NM_NOME = 'GARCOM')),
 ('2017-09-12',(SELECT F.PESS_ID_PESSOA 
FROM FUNCIONARIO AS F INNER JOIN PESSOA AS P 
ON F.PESS_ID_PESSOA = P.PESS_ID_PESSOA
 WHERE PESS_NU_CPF='12345678916' ),
 (SELECT CARG_ID_CARGO FROM CARGO WHERE CARG_NM_NOME = 'COZINHEIRA'));





INSERT INTO FUNCIONALIDADE (FUNC_DC_DESCRICAO)
VALUES ('FAZER LIMPEZA');
INSERT INTO FUNCIONALIDADE (FUNC_DC_DESCRICAO)
VALUES ('COZINHAR');
INSERT INTO FUNCIONALIDADE (FUNC_DC_DESCRICAO)
VALUES ('FAZER PEDIDO');
INSERT INTO FUNCIONALIDADE (FUNC_DC_DESCRICAO)
VALUES ('FECHAR COMANDA');
INSERT INTO FUNCIONALIDADE (FUNC_DC_DESCRICAO)
VALUES ('ATENDER MESA');
INSERT INTO FUNCIONALIDADE (FUNC_DC_DESCRICAO)
VALUES ('GERENCIAR FUNCIONARIOS');




INSERT INTO CARGO_FUNCIONALIDADE (CARG_ID_CARGO ,FUNC_ID_FUNCIONALIDADE)
VALUES ((SELECT CARG_ID_CARGO FROM CARGO WHERE CARG_NM_NOME = 'GARCOM'), (SELECT FUNC_ID_FUNCIONALIDADE FROM FUNCIONALIDADE WHERE FUNC_DC_DESCRICAO = 'FAZER PEDIDO')),
((SELECT CARG_ID_CARGO FROM CARGO WHERE CARG_NM_NOME = 'GARCOM'), (SELECT FUNC_ID_FUNCIONALIDADE FROM FUNCIONALIDADE WHERE FUNC_DC_DESCRICAO = 'ATENDER MESA')),
((SELECT CARG_ID_CARGO FROM CARGO WHERE CARG_NM_NOME = 'GERENTE'), (SELECT FUNC_ID_FUNCIONALIDADE FROM FUNCIONALIDADE WHERE FUNC_DC_DESCRICAO = 'GERENCIAR FUNCIONARIOS')),
((SELECT CARG_ID_CARGO FROM CARGO WHERE CARG_NM_NOME = 'GERENTE'), (SELECT FUNC_ID_FUNCIONALIDADE FROM FUNCIONALIDADE WHERE FUNC_DC_DESCRICAO = 'FECHAR COMANDA')),
((SELECT CARG_ID_CARGO FROM CARGO WHERE CARG_NM_NOME = 'GERENTE'), (SELECT FUNC_ID_FUNCIONALIDADE FROM FUNCIONALIDADE WHERE FUNC_DC_DESCRICAO = 'FAZER PEDIDO')),
((SELECT CARG_ID_CARGO FROM CARGO WHERE CARG_NM_NOME = 'GERENTE'), (SELECT FUNC_ID_FUNCIONALIDADE FROM FUNCIONALIDADE WHERE FUNC_DC_DESCRICAO = 'ATENDER MESA')),
((SELECT CARG_ID_CARGO FROM CARGO WHERE CARG_NM_NOME = 'COZINHEIRA'), (SELECT FUNC_ID_FUNCIONALIDADE FROM FUNCIONALIDADE WHERE FUNC_DC_DESCRICAO = 'COZINHAR')),
((SELECT CARG_ID_CARGO FROM CARGO WHERE CARG_NM_NOME = 'COZINHEIRA'), (SELECT FUNC_ID_FUNCIONALIDADE FROM FUNCIONALIDADE WHERE FUNC_DC_DESCRICAO = 'FAZER LIMPEZA')),
((SELECT CARG_ID_CARGO FROM CARGO WHERE CARG_NM_NOME = 'FAXINEIRA'), (SELECT FUNC_ID_FUNCIONALIDADE FROM FUNCIONALIDADE WHERE FUNC_DC_DESCRICAO = 'FAZER LIMPEZA')),
((SELECT CARG_ID_CARGO FROM CARGO WHERE CARG_NM_NOME = 'CAIXA'), (SELECT FUNC_ID_FUNCIONALIDADE FROM FUNCIONALIDADE WHERE FUNC_DC_DESCRICAO = 'FECHAR COMANDA')),
((SELECT CARG_ID_CARGO FROM CARGO WHERE CARG_NM_NOME = 'CAIXA'), (SELECT FUNC_ID_FUNCIONALIDADE FROM FUNCIONALIDADE WHERE FUNC_DC_DESCRICAO = 'FAZER PEDIDO'));


INSERT INTO ITEM(ITEM_NM_NOME ,ITEM_VL_VALOR)
 VALUES ('BIFE', '15.5'), ('ARROZ', '7.2'), ('BATATA FRITA', '9.9'), ('COXA DE FRANGO', '12.89');

INSERT INTO TIPO_PAGAMENTO(TIPA_DC_DESCRICAO)
 VALUES ('DINHEIRO'), ('CARTAO CREDITO'), ('CARTAO DEBITO');

INSERT INTO MESA(MESA_NU_NUMERO,MESA_NU_QUANTIDADE_CADEIRA )
 VALUES (1, 4), (2, 4), (3, 5), (4, 5), (5, 6), (6, 4), (7, 3), (8,5);

INSERT INTO COMANDA(PESS_ID_PESSOA)
 VALUES ((SELECT PESS_ID_PESSOA FROM PESSOA WHERE PESS_NU_CPF = '12345678912')),
  ( (SELECT PESS_ID_PESSOA FROM PESSOA WHERE PESS_NU_CPF = '12345678913')),
  ((SELECT PESS_ID_PESSOA FROM PESSOA WHERE PESS_NU_CPF = '12345678914'));

INSERT INTO PEDIDO(COMA_ID_COMANDA, PEDI_DT_PEDIDO)
VALUES ((SELECT COMA_ID_COMANDA FROM COMANDA WHERE COMA_ID_COMANDA = '1'),NOW()),
   ((SELECT COMA_ID_COMANDA FROM COMANDA WHERE COMA_ID_COMANDA = '2'),NOW()),
   ((SELECT COMA_ID_COMANDA FROM COMANDA WHERE COMA_ID_COMANDA = '3'),NOW());

INSERT INTO ITEM_PEDIDO(PEDI_ID_PEDIDO ,ITEM_ID_ITEM )
 VALUES ((SELECT PEDI_ID_PEDIDO FROM PEDIDO WHERE PEDI_ID_PEDIDO = '1'), (SELECT ITEM_ID_ITEM FROM ITEM WHERE ITEM_ID_ITEM = '1')),
 ((SELECT PEDI_ID_PEDIDO FROM PEDIDO WHERE PEDI_ID_PEDIDO = '1'),  (SELECT ITEM_ID_ITEM FROM ITEM WHERE ITEM_ID_ITEM = '2')),
 ((SELECT PEDI_ID_PEDIDO FROM PEDIDO WHERE PEDI_ID_PEDIDO = '1'),  (SELECT ITEM_ID_ITEM FROM ITEM WHERE ITEM_ID_ITEM = '3')),
 ((SELECT PEDI_ID_PEDIDO FROM PEDIDO WHERE PEDI_ID_PEDIDO = '2'),  (SELECT ITEM_ID_ITEM FROM ITEM WHERE ITEM_ID_ITEM = '1')),
 ((SELECT PEDI_ID_PEDIDO FROM PEDIDO WHERE PEDI_ID_PEDIDO = '2'),  (SELECT ITEM_ID_ITEM FROM ITEM WHERE ITEM_ID_ITEM = '2')),
 ((SELECT PEDI_ID_PEDIDO FROM PEDIDO WHERE PEDI_ID_PEDIDO = '2'),  (SELECT ITEM_ID_ITEM FROM ITEM WHERE ITEM_ID_ITEM = '3')),
 ((SELECT PEDI_ID_PEDIDO FROM PEDIDO WHERE PEDI_ID_PEDIDO = '3'),  (SELECT ITEM_ID_ITEM FROM ITEM WHERE ITEM_ID_ITEM = '1')),
 ((SELECT PEDI_ID_PEDIDO FROM PEDIDO WHERE PEDI_ID_PEDIDO = '3'),  (SELECT ITEM_ID_ITEM FROM ITEM WHERE ITEM_ID_ITEM = '2')),
 ((SELECT PEDI_ID_PEDIDO FROM PEDIDO WHERE PEDI_ID_PEDIDO = '3'),  (SELECT ITEM_ID_ITEM FROM ITEM WHERE ITEM_ID_ITEM = '3'));

 INSERT INTO CAIXA(CAIX_VL_TOTAL,COMA_ID_COMANDA, CAIX_VL_DESCONTO)
  VALUES ('121.7', (SELECT COMA_ID_COMANDA FROM COMANDA WHERE COMA_ID_COMANDA = '1'),'10');
  INSERT INTO CAIXA(CAIX_VL_TOTAL,COMA_ID_COMANDA)
  VALUES ('250.8', (SELECT COMA_ID_COMANDA FROM COMANDA WHERE COMA_ID_COMANDA = '2')),
  ('89.9', (SELECT COMA_ID_COMANDA FROM COMANDA WHERE COMA_ID_COMANDA = '3'));

INSERT INTO CAIXA_TIPO_PAGAMENTO(CAIX_ID_CAIXA,TIPA_ID_TIPO_PAGAMENTO)
 VALUES ((SELECT CAIX_ID_CAIXA FROM CAIXA WHERE COMA_ID_COMANDA = '1'), (SELECT TIPA_ID_TIPO_PAGAMENTO FROM TIPO_PAGAMENTO WHERE TIPA_ID_TIPO_PAGAMENTO = '1')),
 ((SELECT CAIX_ID_CAIXA FROM CAIXA WHERE COMA_ID_COMANDA = '1'), (SELECT TIPA_ID_TIPO_PAGAMENTO FROM TIPO_PAGAMENTO WHERE TIPA_ID_TIPO_PAGAMENTO = '2')),
 ((SELECT CAIX_ID_CAIXA FROM CAIXA WHERE COMA_ID_COMANDA = '1'), (SELECT TIPA_ID_TIPO_PAGAMENTO FROM TIPO_PAGAMENTO WHERE TIPA_ID_TIPO_PAGAMENTO = '3')),
 ((SELECT CAIX_ID_CAIXA FROM CAIXA WHERE COMA_ID_COMANDA = '2'), (SELECT TIPA_ID_TIPO_PAGAMENTO FROM TIPO_PAGAMENTO WHERE TIPA_ID_TIPO_PAGAMENTO = '1')),
 ((SELECT CAIX_ID_CAIXA FROM CAIXA WHERE COMA_ID_COMANDA = '2'), (SELECT TIPA_ID_TIPO_PAGAMENTO FROM TIPO_PAGAMENTO WHERE TIPA_ID_TIPO_PAGAMENTO = '3')),
 ((SELECT CAIX_ID_CAIXA FROM CAIXA WHERE COMA_ID_COMANDA = '3'), (SELECT TIPA_ID_TIPO_PAGAMENTO FROM TIPO_PAGAMENTO WHERE TIPA_ID_TIPO_PAGAMENTO = '2')),
 ((SELECT CAIX_ID_CAIXA FROM CAIXA WHERE COMA_ID_COMANDA = '3'), (SELECT TIPA_ID_TIPO_PAGAMENTO FROM TIPO_PAGAMENTO WHERE TIPA_ID_TIPO_PAGAMENTO = '1'));


 INSERT INTO MESA_COMANDA(MESA_ID_MESA,COMA_ID_COMANDA)
 VALUES ((SELECT MESA_ID_MESA FROM MESA WHERE MESA_NU_NUMERO = '1'), (SELECT COMA_ID_COMANDA FROM COMANDA WHERE COMA_ID_COMANDA = '1')),
 ((SELECT MESA_ID_MESA FROM MESA WHERE MESA_NU_NUMERO = '1'), (SELECT COMA_ID_COMANDA FROM COMANDA WHERE COMA_ID_COMANDA = '2')),
 ((SELECT MESA_ID_MESA FROM MESA WHERE MESA_NU_NUMERO = '1'), (SELECT COMA_ID_COMANDA FROM COMANDA WHERE COMA_ID_COMANDA = '3')),
 ((SELECT MESA_ID_MESA FROM MESA WHERE MESA_NU_NUMERO = '2'), (SELECT COMA_ID_COMANDA FROM COMANDA WHERE COMA_ID_COMANDA = '1')),
 ((SELECT MESA_ID_MESA FROM MESA WHERE MESA_NU_NUMERO = '2'), (SELECT COMA_ID_COMANDA FROM COMANDA WHERE COMA_ID_COMANDA = '3')),
 ((SELECT MESA_ID_MESA FROM MESA WHERE MESA_NU_NUMERO = '3'), (SELECT COMA_ID_COMANDA FROM COMANDA WHERE COMA_ID_COMANDA = '2')),
 ((SELECT MESA_ID_MESA FROM MESA WHERE MESA_NU_NUMERO = '3'), (SELECT COMA_ID_COMANDA FROM COMANDA WHERE COMA_ID_COMANDA = '1'));

	
	
	
